-- phpMyAdmin SQL Dump
-- version 5.0.2
-- https://www.phpmyadmin.net/
--
-- Servidor: 127.0.0.1:3306
-- Tiempo de generación: 19-03-2021 a las 21:23:43
-- Versión del servidor: 8.0.21
-- Versión de PHP: 7.4.9

SET SQL_MODE = "NO_AUTO_VALUE_ON_ZERO";
START TRANSACTION;
SET time_zone = "+00:00";


/*!40101 SET @OLD_CHARACTER_SET_CLIENT=@@CHARACTER_SET_CLIENT */;
/*!40101 SET @OLD_CHARACTER_SET_RESULTS=@@CHARACTER_SET_RESULTS */;
/*!40101 SET @OLD_COLLATION_CONNECTION=@@COLLATION_CONNECTION */;
/*!40101 SET NAMES utf8mb4 */;

--
-- Base de datos: `procost`
--

-- --------------------------------------------------------

--
-- Estructura de tabla para la tabla `doctrine_migration_versions`
--

DROP TABLE IF EXISTS `doctrine_migration_versions`;
CREATE TABLE IF NOT EXISTS `doctrine_migration_versions` (
  `version` varchar(191) COLLATE utf8_unicode_ci NOT NULL,
  `executed_at` datetime DEFAULT NULL,
  `execution_time` int DEFAULT NULL,
  PRIMARY KEY (`version`)
) ENGINE=InnoDB DEFAULT CHARSET=utf8 COLLATE=utf8_unicode_ci;

--
-- Volcado de datos para la tabla `doctrine_migration_versions`
--

INSERT INTO `doctrine_migration_versions` (`version`, `executed_at`, `execution_time`) VALUES
('DoctrineMigrations\\Version20210309204759', '2021-03-09 20:48:57', 12161);

-- --------------------------------------------------------

--
-- Estructura de tabla para la tabla `metier`
--

DROP TABLE IF EXISTS `metier`;
CREATE TABLE IF NOT EXISTS `metier` (
  `id` int NOT NULL AUTO_INCREMENT,
  `nom` varchar(255) COLLATE utf8mb4_unicode_ci NOT NULL,
  PRIMARY KEY (`id`)
) ENGINE=InnoDB AUTO_INCREMENT=97 DEFAULT CHARSET=utf8mb4 COLLATE=utf8mb4_unicode_ci;

--
-- Volcado de datos para la tabla `metier`
--

INSERT INTO `metier` (`id`, `nom`) VALUES
(92, 'informatique'),
(93, 'biologie'),
(94, 'tourisme'),
(95, 'logistique'),
(96, 'industrie');

-- --------------------------------------------------------

--
-- Estructura de tabla para la tabla `projet`
--

DROP TABLE IF EXISTS `projet`;
CREATE TABLE IF NOT EXISTS `projet` (
  `id` int NOT NULL AUTO_INCREMENT,
  `nom` varchar(255) COLLATE utf8mb4_unicode_ci NOT NULL,
  `description` longtext COLLATE utf8mb4_unicode_ci NOT NULL,
  `prix` double NOT NULL,
  `created_at` datetime NOT NULL,
  `date_livraison` datetime DEFAULT NULL,
  PRIMARY KEY (`id`)
) ENGINE=InnoDB AUTO_INCREMENT=322 DEFAULT CHARSET=utf8mb4 COLLATE=utf8mb4_unicode_ci;

--
-- Volcado de datos para la tabla `projet`
--

INSERT INTO `projet` (`id`, `nom`, `description`, `prix`, `created_at`, `date_livraison`) VALUES
(242, 'Schmelerhaven', 'I suppose it were nine o\'clock in the sea. But they HAVE their tails in their mouths. So they sat down, and nobody spoke for some while in silence. Alice was not going to turn into a butterfly, I.', 5424, '2021-03-19 17:29:30', '2012-11-02 08:43:29'),
(243, 'New Esther', 'She was a good deal frightened at the thought that she had peeped into the teapot. \'At any rate a book written about me, that there was generally a frog or a watch to take MORE than nothing.\'.', 1997, '2021-03-19 17:29:30', '2012-10-05 01:34:09'),
(244, 'Dominicton', 'Dodo, \'the best way you go,\' said the others. \'We must burn the house before she had found her head on her lap as if he were trying to explain it as well as she listened, or seemed to be executed.', 5503, '2021-03-19 17:29:30', NULL),
(245, 'Daughertystad', 'Duchess\'s knee, while plates and dishes crashed around it--once more the pig-baby was sneezing on the stairs. Alice knew it was good manners for her neck kept getting entangled among the people near.', 4579, '2021-03-19 17:29:30', NULL),
(246, 'Lake Nyahmouth', 'Alice had not as yet had any dispute with the grin, which remained some time after the birds! Why, she\'ll eat a bat?\' when suddenly, thump! thump! down she came up to her in an offended tone, \'Hm!.', 2358, '2021-03-19 17:29:30', '2021-03-19 17:53:12'),
(247, 'East Aniyastad', 'Why, I do wonder what was on the spot.\' This did not quite know what \"it\" means well enough, when I breathe\"!\' \'It IS the fun?\' said Alice. \'And ever since that,\' the Hatter added as an explanation.', 7552, '2021-03-19 17:29:30', NULL),
(248, 'Hermanbury', 'King, looking round the hall, but they were filled with tears again as quickly as she went on, \'What HAVE you been doing here?\' \'May it please your Majesty,\' he began, \'for bringing these in: but I.', 5677, '2021-03-19 17:29:30', '2017-12-01 11:59:59'),
(249, 'Sabrinahaven', 'Queen. \'Never!\' said the Gryphon. \'I\'ve forgotten the words.\' So they sat down, and the White Rabbit interrupted: \'UNimportant, your Majesty means, of course,\' he said in a languid, sleepy voice.', 2230, '2021-03-19 17:29:30', '2011-09-17 11:37:54'),
(250, 'Jennyferfort', 'Alice, who felt ready to talk about trouble!\' said the Mock Turtle repeated thoughtfully. \'I should like to try the whole she thought it over here,\' said the Mock Turtle sighed deeply, and began, in.', 3204, '2021-03-19 17:29:30', NULL),
(251, 'South Kristoffer', 'I meant,\' the King said to herself. (Alice had been looking over his shoulder with some surprise that the Queen was in a sort of knot, and then said, \'It WAS a narrow escape!\' said Alice, very much.', 7618, '2021-03-19 17:29:30', NULL),
(252, 'Armandobury', 'ME,\' said the Duchess; \'and that\'s a fact.\' Alice did not answer, so Alice went on just as she did not look at them--\'I wish they\'d get the trial done,\' she thought, and rightly too, that very few.', 9252, '2021-03-19 17:29:30', NULL),
(253, 'West Selina', 'The Cat seemed to listen, the whole pack of cards, after all. \"--SAID I COULD NOT SWIM--\" you can\'t be Mabel, for I know THAT well enough; don\'t be nervous, or I\'ll have you executed on the English.', 4642, '2021-03-19 17:29:30', NULL),
(254, 'Wehnerville', 'Alice, \'it would be the right words,\' said poor Alice, \'it would have appeared to them she heard a little bit of mushroom, and crawled away in the last few minutes she heard a little nervous about.', 1178, '2021-03-19 17:29:30', NULL),
(255, 'Jesseburgh', 'I\'d gone to see if she was playing against herself, for this time with great emphasis, looking hard at Alice as he fumbled over the fire, and at last the Caterpillar decidedly, and he went on just.', 8205, '2021-03-19 17:29:30', '2021-04-24 07:50:09'),
(256, 'Schroederport', 'And he added in a hurry: a large mushroom growing near her, about four inches deep and reaching half down the little crocodile Improve his shining tail, And pour the waters of the house!\' (Which was.', 3519, '2021-03-19 17:29:30', '2021-09-12 21:32:28'),
(257, 'East Leonortown', 'Alice went on, \'you see, a dog growls when it\'s angry, and wags its tail when it\'s angry, and wags its tail about in all directions, \'just like a thunderstorm. \'A fine day, your Majesty!\' the.', 6085, '2021-03-19 17:29:30', NULL),
(258, 'Lake Andreanneberg', 'Alice cautiously replied: \'but I know THAT well enough; don\'t be particular--Here, Bill! catch hold of it; and while she ran, as well as if he were trying to touch her. \'Poor little thing!\' said.', 614, '2021-03-19 17:29:30', '2012-05-14 07:37:11'),
(259, 'South Queenport', 'Mouse, sharply and very neatly and simply arranged; the only difficulty was, that you had been anxiously looking across the field after it, and then nodded. \'It\'s no business of MINE.\' The Queen.', 239, '2021-03-19 17:29:30', NULL),
(260, 'Port Ezra', 'Oh, I shouldn\'t like THAT!\' \'Oh, you can\'t think! And oh, my poor little thing howled so, that he shook both his shoes on. \'--and just take his head sadly. \'Do I look like one, but the Dodo had.', 3924, '2021-03-19 17:29:30', '2022-04-27 06:36:09'),
(261, 'Solonland', 'Mouse to Alice again. \'No, I give it up,\' Alice replied: \'what\'s the answer?\' \'I haven\'t the slightest idea,\' said the Queen. \'It proves nothing of the words \'DRINK ME,\' but nevertheless she.', 8383, '2021-03-19 17:29:30', NULL),
(262, 'Oberbrunnertown', 'ONE respectable person!\' Soon her eye fell on a three-legged stool in the distance, and she said to herself; \'the March Hare took the hookah out of this was his first speech. \'You should learn not.', 583, '2021-03-19 17:29:30', '2018-04-07 12:24:32'),
(263, 'Port Margueriteport', 'So you see, so many out-of-the-way things had happened lately, that Alice quite hungry to look at the cook, to see what was coming. It was opened by another footman in livery came running out of.', 7980, '2021-03-19 17:29:30', NULL),
(264, 'Kerlukeport', 'Alice to find her way through the air! Do you think you could draw treacle out of a tree a few minutes it puffed away without being invited,\' said the Pigeon; \'but I haven\'t been invited yet.\'.', 182, '2021-03-19 17:29:30', '2024-08-27 08:36:16'),
(265, 'East Zola', 'She was looking about for them, and was looking down at once, and ran till she was in the night? Let me see: that would be like, but it said in an agony of terror. \'Oh, there goes his PRECIOUS.', 8481, '2021-03-19 17:29:30', NULL),
(266, 'East Lexiberg', 'I\'M a Duchess,\' she said this last remark, \'it\'s a vegetable. It doesn\'t look like one, but the Hatter said, tossing his head mournfully. \'Not I!\' he replied. \'We quarrelled last March--just before.', 5681, '2021-03-19 17:29:30', '2017-01-15 11:18:00'),
(267, 'Port Ottis', 'Alice, quite forgetting in the air. \'--as far out to her chin upon Alice\'s shoulder, and it was only sobbing,\' she thought, and it was just in time to begin with; and being ordered about by mice and.', 425, '2021-03-19 17:29:30', NULL),
(268, 'New Miafurt', 'ARE you talking to?\' said one of the house till she had been to a mouse: she had expected: before she found her way through the door, and tried to look through into the garden, where Alice could.', 6171, '2021-03-19 17:29:30', NULL),
(269, 'Smithamstad', 'Alice watched the Queen merely remarking that a moment\'s pause. The only things in the pool was getting quite crowded with the next question is, Who in the common way. So she began nibbling at the.', 6869, '2021-03-19 17:29:30', NULL),
(270, 'Schaeferfurt', 'PLEASE mind what you\'re at!\" You know the song, she kept fanning herself all the while, till at last the Dodo replied very readily: \'but that\'s because it stays the same thing, you know.\' It was, no.', 9707, '2021-03-19 17:29:30', NULL),
(271, 'New Beatrice', 'Dormouse sulkily remarked, \'If you do. I\'ll set Dinah at you!\' There was a good thing!\' she said to the dance. Would not, could not, would not give all else for two Pennyworth only of beautiful.', 184, '2021-03-19 17:29:30', NULL),
(272, 'Carolynburgh', 'Dormouse indignantly. However, he consented to go down--Here, Bill! the master says you\'re to go on. \'And so these three weeks!\' \'I\'m very sorry you\'ve been annoyed,\' said Alice, \'a great girl like.', 6732, '2021-03-19 17:29:30', '2015-02-09 13:57:47'),
(273, 'Lake Maggiestad', 'Alice, who was a dead silence. Alice was thoroughly puzzled. \'Does the boots and shoes!\' she repeated in a very little! Besides, SHE\'S she, and I\'m sure _I_ shan\'t be beheaded!\' \'What for?\' said the.', 9937, '2021-03-19 17:29:30', '2018-02-11 15:22:51'),
(274, 'Abbottfort', 'Gryphon said to live. \'I\'ve seen hatters before,\' she said this last remark, \'it\'s a vegetable. It doesn\'t look like one, but it makes rather a handsome pig, I think.\' And she squeezed herself up on.', 9375, '2021-03-19 17:29:30', '2012-07-02 04:18:49'),
(275, 'Port Alysson', 'A little bright-eyed terrier, you know, and he went on eagerly. \'That\'s enough about lessons,\' the Gryphon went on. Her listeners were perfectly quiet till she too began dreaming after a minute or.', 3729, '2021-03-19 17:29:30', '2018-10-15 05:58:36'),
(276, 'Bruentown', 'IS the fun?\' said Alice. \'Call it what you mean,\' said Alice. \'Well, then,\' the Gryphon hastily. \'Go on with the distant green leaves. As there seemed to be two people. \'But it\'s no use in talking.', 179, '2021-03-19 17:29:30', '2018-09-09 04:59:25'),
(277, 'Arianeland', 'I was thinking I should think!\' (Dinah was the first question, you know.\' He was looking at everything about her, to pass away the moment they saw Alice coming. \'There\'s PLENTY of room!\' said Alice.', 7819, '2021-03-19 17:29:30', '2018-06-04 22:20:04'),
(278, 'Alexieborough', 'Owl had the dish as its share of the shelves as she stood looking at them with one finger, as he could go. Alice took up the conversation dropped, and the roof off.\' After a while, finding that.', 7696, '2021-03-19 17:29:30', '2015-12-07 07:31:53'),
(279, 'North Reed', 'Alice said to Alice, that she began again. \'I wonder if I would talk on such a hurry that she wasn\'t a really good school,\' said the Duchess. An invitation for the end of your flamingo. Shall I try.', 7209, '2021-03-19 17:29:30', '2024-12-29 02:44:03'),
(280, 'Muhammadchester', 'I wonder who will put on his flappers, \'--Mystery, ancient and modern, with Seaography: then Drawling--the Drawling-master was an old woman--but then--always to have the experiment tried. \'Very.', 2680, '2021-03-19 17:29:30', '2014-11-27 02:06:43'),
(281, 'Gloverburgh', 'She went in search of her hedgehog. The hedgehog was engaged in a few minutes that she did not at all anxious to have lessons to learn! No, I\'ve made up my mind about it; if I\'m not looking for.', 119, '2021-03-19 17:29:30', '2014-10-19 05:45:49'),
(282, 'East Grady', 'Hatter, with an anxious look at them--\'I wish they\'d get the trial one way of settling all difficulties, great or small. \'Off with her head! Off--\' \'Nonsense!\' said Alice, swallowing down her anger.', 2720, '2021-03-19 17:29:30', NULL),
(283, 'Kreigerville', 'LITTLE larger, sir, if you please! \"William the Conqueror, whose cause was favoured by the officers of the lefthand bit. * * * * * * * * * * * * * * * CHAPTER II. The Pool of Tears \'Curiouser and.', 7967, '2021-03-19 17:29:30', '2016-05-03 00:04:19'),
(284, 'Aubreeville', 'Majesty,\' said Alice in a tone of great relief. \'Call the first figure!\' said the Rabbit whispered in a minute or two the Caterpillar called after her. \'I\'ve something important to say!\' This.', 4425, '2021-03-19 17:29:30', NULL),
(285, 'Sauerside', 'March Hare, \'that \"I breathe when I get SOMEWHERE,\' Alice added as an unusually large saucepan flew close by her. There was no one listening, this time, as it didn\'t much matter which way you go,\'.', 199, '2021-03-19 17:29:30', '2011-10-09 16:43:58'),
(286, 'West Tianabury', 'Magpie began wrapping itself up very sulkily and crossed over to the seaside once in a VERY good opportunity for making her escape; so she began thinking over all the creatures wouldn\'t be so kind,\'.', 3722, '2021-03-19 17:29:30', NULL),
(287, 'East Sim', 'It was high time to avoid shrinking away altogether. \'That WAS a narrow escape!\' said Alice, looking down at them, and then another confusion of voices--\'Hold up his head--Brandy now--Don\'t choke.', 669, '2021-03-19 17:29:30', NULL),
(288, 'Bashirianfort', 'There seemed to her daughter \'Ah, my dear! Let this be a lesson to you how the Dodo said, \'EVERYBODY has won, and all her coaxing. Hardly knowing what she was holding, and she went on, spreading out.', 6219, '2021-03-19 17:29:30', NULL),
(289, 'East Rachael', 'Alice. \'Oh, don\'t bother ME,\' said Alice thoughtfully: \'but then--I shouldn\'t be hungry for it, while the rest of my life.\' \'You are all dry, he is gay as a last resource, she put it. She went in.', 7948, '2021-03-19 17:29:30', '2024-03-22 04:48:00'),
(290, 'Port Norbertville', 'Alice replied very gravely. \'What else have you executed, whether you\'re a little nervous about it while the Mouse only growled in reply. \'That\'s right!\' shouted the Queen. First came ten soldiers.', 6067, '2021-03-19 17:29:30', '2023-11-23 07:18:57'),
(291, 'Wildermanside', 'These were the cook, to see that queer little toss of her sharp little chin into Alice\'s head. \'Is that all?\' said Alice, and she set to work at once in a languid, sleepy voice. \'Who are YOU?\' said.', 3681, '2021-03-19 17:29:30', '2024-08-11 23:00:48'),
(292, 'Greenfurt', 'Mock Turtle yawned and shut his note-book hastily. \'Consider your verdict,\' he said to herself, and once she remembered trying to touch her. \'Poor little thing!\' It did so indeed, and much sooner.', 7306, '2021-03-19 17:29:30', NULL),
(293, 'Lake Melisaport', 'Alice\'s great surprise, the Duchess\'s cook. She carried the pepper-box in her haste, she had nothing yet,\' Alice replied in an impatient tone: \'explanations take such a pleasant temper, and thought.', 8849, '2021-03-19 17:29:30', '2015-06-21 12:58:36'),
(294, 'Lake Dulceside', 'I see\"!\' \'You might just as if she had a bone in his turn; and both footmen, Alice noticed, had powdered hair that WOULD always get into that beautiful garden--how IS that to be a person of.', 2075, '2021-03-19 17:29:30', '2023-06-18 11:40:08'),
(295, 'Clairmouth', 'Caterpillar called after her. \'I\'ve something important to say!\' This sounded promising, certainly: Alice turned and came flying down upon her: she gave her one, they gave him two, You gave us three.', 6211, '2021-03-19 17:29:30', NULL),
(296, 'Antwonfort', 'Alice took up the conversation dropped, and the choking of the pack, she could remember them, all these changes are! I\'m never sure what I\'m going to remark myself.\' \'Have you seen the Mock Turtle.', 8943, '2021-03-19 17:29:30', '2017-12-11 03:35:59'),
(297, 'Reichertborough', 'CAN I have to whisper a hint to Time, and round goes the clock in a hurry: a large arm-chair at one and then Alice put down her flamingo, and began to cry again. \'You ought to tell you--all I know.', 3692, '2021-03-19 17:29:30', NULL),
(298, 'East Donald', 'Soup! Beau--ootiful Soo--oop! Soo--oop of the court. (As that is rather a handsome pig, I think.\' And she began again: \'Ou est ma chatte?\' which was a table in the other. \'I beg pardon, your.', 6294, '2021-03-19 17:29:30', NULL),
(299, 'Hahnborough', 'Queen said severely \'Who is this?\' She said this last word two or three times over to the door, and tried to fancy to cats if you like,\' said the Gryphon, the squeaking of the lefthand bit of the.', 6507, '2021-03-19 17:29:30', NULL),
(300, 'Kaelynfort', 'Owl, as a partner!\' cried the Mouse, who was a little animal (she couldn\'t guess of what work it would like the largest telescope that ever was! Good-bye, feet!\' (for when she was playing against.', 4222, '2021-03-19 17:29:30', '2021-10-23 03:23:03'),
(301, 'Evanstad', 'Alice very humbly: \'you had got its neck nicely straightened out, and was just in time to avoid shrinking away altogether. \'That WAS a curious croquet-ground in her own ears for having missed their.', 1898, '2021-03-19 17:29:30', '2014-04-06 08:19:46'),
(302, 'North Arturo', 'Caterpillar. Alice folded her hands, and was in livery: otherwise, judging by his face only, she would have this cat removed!\' The Queen had only one way up as the doubled-up soldiers were always.', 4746, '2021-03-19 17:29:30', NULL),
(303, 'Shannaberg', 'I hadn\'t begun my tea--not above a week or so--and what with the game,\' the Queen was silent. The Dormouse had closed its eyes again, to see the Queen. \'I haven\'t the slightest idea,\' said the Mock.', 4433, '2021-03-19 17:29:30', NULL),
(304, 'Newellshire', 'Hatter were having tea at it: a Dormouse was sitting on the trumpet, and called out, \'Sit down, all of them can explain it,\' said Alice. \'It goes on, you know,\' the Mock Turtle, \'they--you\'ve seen.', 9255, '2021-03-19 17:29:30', '2023-03-03 12:38:45'),
(305, 'O\'Konhaven', 'Pigeon. \'I can hardly breathe.\' \'I can\'t go no lower,\' said the Dormouse say?\' one of the sort!\' said Alice. \'Why not?\' said the Caterpillar. This was quite surprised to see if she had but to get.', 3791, '2021-03-19 17:29:30', NULL),
(306, 'Amberview', 'She said this last remark. \'Of course twinkling begins with an important air, \'are you all ready? This is the same words as before, \'and things are worse than ever,\' thought the whole head appeared.', 8964, '2021-03-19 17:29:30', '2017-01-25 21:00:36'),
(307, 'Simonismouth', 'This seemed to think about stopping herself before she made out that she hardly knew what she did, she picked up a little house in it about four feet high. \'I wish you wouldn\'t keep appearing and.', 5174, '2021-03-19 17:29:30', NULL),
(308, 'West Aydentown', 'March Hare. \'Sixteenth,\' added the Hatter, it woke up again with a little nervous about this; \'for it might injure the brain; But, now that I\'m doubtful about the whiting!\' \'Oh, as to the shore.', 9973, '2021-03-19 17:29:30', '2017-02-28 17:09:26'),
(309, 'Georgianastad', 'Alice an excellent plan, no doubt, and very soon finished off the cake. * * * * * * * * * * * * * * * * * * * * * * * * * * * * * * \'Come, my head\'s free at last!\' said Alice very politely; but she.', 7891, '2021-03-19 17:29:30', NULL),
(310, 'Annalisefort', 'Pigeon. \'I\'m NOT a serpent, I tell you!\' said Alice. The poor little thing was waving its tail when I\'m angry. Therefore I\'m mad.\' \'I call it purring, not growling,\' said Alice. \'I don\'t know the.', 8823, '2021-03-19 17:29:30', NULL),
(311, 'Port Anissa', 'Knave, \'I didn\'t write it, and then the other, looking uneasily at the picture.) \'Up, lazy thing!\' said Alice, who felt ready to play with, and oh! ever so many tea-things are put out here?\' she.', 7977, '2021-03-19 17:29:30', NULL),
(312, 'Theaberg', 'I!\' he replied. \'We quarrelled last March--just before HE went mad, you know--\' (pointing with his head!\' or \'Off with her friend. When she got up and say \"Who am I to do with you. Mind now!\' The.', 7599, '2021-03-19 17:29:30', '2018-06-18 19:49:59'),
(313, 'Port Hailie', 'White Rabbit interrupted: \'UNimportant, your Majesty means, of course,\' said the White Rabbit, who was passing at the Mouse\'s tail; \'but why do you call it sad?\' And she went hunting about, and make.', 897, '2021-03-19 17:29:30', '2013-11-05 16:41:50'),
(314, 'North Enriquemouth', 'Bill! I wouldn\'t be so stingy about it, you know--\' \'What did they draw?\' said Alice, \'and why it is right?\' \'In my youth,\' said his father, \'I took to the voice of the door opened inwards, and.', 6356, '2021-03-19 17:29:30', '2014-02-22 01:02:09'),
(315, 'Averyborough', 'Alice, \'when one wasn\'t always growing larger and smaller, and being so many tea-things are put out here?\' she asked. \'Yes, that\'s it,\' said Alice indignantly. \'Let me alone!\' \'Serpent, I say.', 4231, '2021-03-19 17:29:30', '2012-05-10 22:54:31'),
(316, 'Adamsport', 'It was opened by another footman in livery came running out of sight: then it watched the Queen jumped up in spite of all her fancy, that: he hasn\'t got no business there, at any rate, there\'s no.', 1005, '2021-03-19 17:29:30', '2016-10-17 13:20:29'),
(317, 'East Federicoborough', 'Alice said; but was dreadfully puzzled by the prisoner to--to somebody.\' \'It must have got into the garden at once; but, alas for poor Alice! when she got used to say a word, but slowly followed her.', 7554, '2021-03-19 17:29:30', '2017-02-21 16:56:29'),
(318, 'Reicherttown', 'Alice. \'Oh, don\'t talk about cats or dogs either, if you cut your finger VERY deeply with a large ring, with the bread-knife.\' The March Hare had just begun \'Well, of all this grand procession, came.', 4895, '2021-03-19 17:29:30', NULL),
(319, 'Hanefort', 'Queen\'s shrill cries to the Knave was standing before them, in chains, with a teacup in one hand, and made a rush at Alice the moment they saw her, they hurried back to yesterday, because I was a.', 7207, '2021-03-19 17:29:30', '2018-02-02 15:20:55'),
(320, 'Schusterhaven', 'Hatter grumbled: \'you shouldn\'t have put it in asking riddles that have no answers.\' \'If you knew Time as well be at school at once.\' However, she got into a graceful zigzag, and was surprised to.', 8603, '2021-03-19 17:29:30', '2024-08-06 18:40:15'),
(321, 'Lake Korbin', 'I tell you, you coward!\' and at once in the direction it pointed to, without trying to put it more clearly,\' Alice replied very gravely. \'What else had you to leave off being arches to do next, when.', 835, '2021-03-19 17:29:30', '2018-05-23 01:24:55');

-- --------------------------------------------------------

--
-- Estructura de tabla para la tabla `projet_user`
--

DROP TABLE IF EXISTS `projet_user`;
CREATE TABLE IF NOT EXISTS `projet_user` (
  `id` int NOT NULL AUTO_INCREMENT,
  `projet_id` int NOT NULL,
  `user_id` int NOT NULL,
  `cout_ind` double NOT NULL,
  `temps_ind` int NOT NULL,
  PRIMARY KEY (`id`),
  KEY `IDX_FA413966C18272` (`projet_id`),
  KEY `IDX_FA413966A76ED395` (`user_id`)
) ENGINE=InnoDB AUTO_INCREMENT=3279 DEFAULT CHARSET=utf8mb4 COLLATE=utf8mb4_unicode_ci;

--
-- Volcado de datos para la tabla `projet_user`
--

INSERT INTO `projet_user` (`id`, `projet_id`, `user_id`, `cout_ind`, `temps_ind`) VALUES
(2459, 242, 208, 383, 38),
(2460, 242, 217, 743, 7),
(2461, 242, 213, 997, 6),
(2462, 242, 216, 378, 2),
(2463, 242, 206, 686, 57),
(2464, 242, 221, 197, 4),
(2465, 243, 220, 462, 5),
(2466, 243, 211, 79, 7),
(2467, 243, 218, 569, 1),
(2468, 243, 207, 154, 68),
(2469, 243, 211, 79, 69),
(2470, 243, 210, 493, 68),
(2471, 243, 202, 515, 16),
(2472, 243, 219, 996, 23),
(2473, 243, 205, 41, 4),
(2474, 243, 212, 302, 33),
(2475, 244, 210, 493, 0),
(2476, 244, 212, 302, 0),
(2477, 244, 205, 41, 7),
(2478, 244, 211, 79, 84),
(2479, 244, 208, 383, 87),
(2480, 244, 218, 569, 53),
(2481, 244, 205, 41, 63),
(2482, 244, 204, 687, 19),
(2483, 245, 211, 79, 38),
(2484, 245, 216, 378, 6),
(2485, 245, 205, 41, 94),
(2486, 245, 209, 939, 29),
(2487, 245, 215, 99, 29),
(2488, 245, 214, 123, 26),
(2489, 245, 204, 687, 39),
(2490, 245, 209, 939, 24),
(2491, 245, 205, 41, 43),
(2492, 245, 217, 743, 9),
(2493, 245, 216, 378, 6),
(2494, 245, 202, 515, 23),
(2495, 245, 217, 743, 84),
(2496, 245, 211, 79, 64),
(2497, 245, 221, 197, 72),
(2498, 246, 211, 79, 68),
(2499, 246, 215, 99, 91),
(2500, 246, 214, 123, 61),
(2501, 246, 207, 154, 19),
(2502, 246, 204, 687, 61),
(2503, 246, 206, 686, 5),
(2504, 246, 204, 687, 65),
(2505, 246, 212, 302, 41),
(2506, 247, 210, 493, 36),
(2507, 247, 218, 569, 65),
(2508, 247, 210, 493, 33),
(2509, 247, 211, 79, 14),
(2510, 247, 216, 378, 7),
(2511, 248, 209, 939, 96),
(2512, 248, 208, 383, 62),
(2513, 248, 214, 123, 51),
(2514, 248, 204, 687, 4),
(2515, 248, 216, 378, 31),
(2516, 248, 219, 996, 24),
(2517, 248, 219, 996, 71),
(2518, 248, 211, 79, 47),
(2519, 248, 220, 462, 51),
(2520, 248, 210, 493, 29),
(2521, 249, 220, 462, 68),
(2522, 249, 205, 41, 64),
(2523, 249, 216, 378, 77),
(2524, 249, 215, 99, 81),
(2525, 249, 209, 939, 83),
(2526, 249, 202, 515, 37),
(2527, 249, 209, 939, 43),
(2528, 250, 209, 939, 48),
(2529, 250, 219, 996, 5),
(2530, 250, 206, 686, 67),
(2531, 250, 215, 99, 36),
(2532, 250, 221, 197, 9),
(2533, 250, 215, 99, 48),
(2534, 250, 220, 462, 51),
(2535, 250, 210, 493, 72),
(2536, 250, 211, 79, 13),
(2537, 250, 202, 515, 17),
(2538, 250, 206, 686, 43),
(2539, 251, 205, 41, 17),
(2540, 251, 206, 686, 87),
(2541, 251, 210, 493, 21),
(2542, 251, 210, 493, 26),
(2543, 251, 203, 907, 69),
(2544, 251, 215, 99, 55),
(2545, 251, 220, 462, 68),
(2546, 251, 213, 997, 60),
(2547, 251, 209, 939, 24),
(2548, 252, 221, 197, 64),
(2549, 252, 211, 79, 52),
(2550, 252, 215, 99, 51),
(2551, 252, 219, 996, 95),
(2552, 252, 207, 154, 7),
(2553, 252, 219, 996, 45),
(2554, 252, 220, 462, 10),
(2555, 252, 204, 687, 85),
(2556, 252, 216, 378, 69),
(2557, 252, 221, 197, 14),
(2558, 252, 207, 154, 73),
(2559, 253, 204, 687, 4),
(2560, 253, 215, 99, 82),
(2561, 253, 211, 79, 37),
(2562, 253, 218, 569, 72),
(2563, 253, 217, 743, 31),
(2564, 253, 221, 197, 98),
(2565, 253, 206, 686, 52),
(2566, 253, 212, 302, 17),
(2567, 253, 203, 907, 23),
(2568, 253, 221, 197, 96),
(2569, 253, 216, 378, 79),
(2570, 253, 221, 197, 36),
(2571, 253, 206, 686, 51),
(2572, 253, 219, 996, 41),
(2573, 254, 221, 197, 94),
(2574, 254, 208, 383, 10),
(2575, 254, 214, 123, 28),
(2576, 254, 212, 302, 35),
(2577, 254, 204, 687, 2),
(2578, 254, 213, 997, 97),
(2579, 254, 211, 79, 69),
(2580, 254, 215, 99, 54),
(2581, 254, 209, 939, 25),
(2582, 254, 210, 493, 76),
(2583, 255, 205, 41, 26),
(2584, 255, 214, 123, 33),
(2585, 255, 203, 907, 96),
(2586, 255, 212, 302, 41),
(2587, 255, 206, 686, 90),
(2588, 255, 217, 743, 22),
(2589, 255, 219, 996, 91),
(2590, 255, 210, 493, 84),
(2591, 255, 221, 197, 70),
(2592, 255, 208, 383, 57),
(2593, 256, 211, 79, 21),
(2594, 256, 221, 197, 30),
(2595, 256, 219, 996, 76),
(2596, 256, 203, 907, 74),
(2597, 256, 211, 79, 63),
(2598, 256, 213, 997, 38),
(2599, 256, 211, 79, 81),
(2600, 256, 213, 997, 34),
(2601, 256, 211, 79, 53),
(2602, 256, 217, 743, 53),
(2603, 256, 221, 197, 63),
(2604, 256, 203, 907, 74),
(2605, 256, 215, 99, 26),
(2606, 256, 213, 997, 38),
(2607, 256, 202, 515, 32),
(2608, 257, 219, 996, 71),
(2609, 257, 213, 997, 83),
(2610, 257, 206, 686, 44),
(2611, 257, 217, 743, 20),
(2612, 257, 205, 41, 82),
(2613, 257, 215, 99, 0),
(2614, 257, 218, 569, 36),
(2615, 257, 207, 154, 88),
(2616, 257, 216, 378, 20),
(2617, 257, 221, 197, 28),
(2618, 257, 202, 515, 47),
(2619, 257, 211, 79, 23),
(2620, 258, 217, 743, 47),
(2621, 258, 219, 996, 7),
(2622, 258, 213, 997, 67),
(2623, 258, 216, 378, 64),
(2624, 258, 206, 686, 38),
(2625, 259, 212, 302, 3),
(2626, 259, 220, 462, 58),
(2627, 259, 211, 79, 55),
(2628, 259, 211, 79, 32),
(2629, 259, 215, 99, 54),
(2630, 259, 211, 79, 92),
(2631, 259, 221, 197, 52),
(2632, 259, 203, 907, 34),
(2633, 259, 213, 997, 96),
(2634, 259, 220, 462, 93),
(2635, 259, 212, 302, 45),
(2636, 259, 210, 493, 79),
(2637, 259, 220, 462, 87),
(2638, 260, 202, 515, 17),
(2639, 260, 221, 197, 34),
(2640, 260, 217, 743, 55),
(2641, 260, 206, 686, 97),
(2642, 260, 219, 996, 89),
(2643, 260, 213, 997, 57),
(2644, 260, 217, 743, 88),
(2645, 260, 208, 383, 78),
(2646, 260, 207, 154, 27),
(2647, 260, 206, 686, 93),
(2648, 260, 221, 197, 26),
(2649, 260, 205, 41, 22),
(2650, 260, 213, 997, 86),
(2651, 260, 203, 907, 22),
(2652, 261, 209, 939, 63),
(2653, 261, 215, 99, 97),
(2654, 261, 212, 302, 13),
(2655, 261, 216, 378, 21),
(2656, 261, 215, 99, 1),
(2657, 261, 207, 154, 12),
(2658, 261, 211, 79, 19),
(2659, 261, 203, 907, 14),
(2660, 261, 220, 462, 65),
(2661, 262, 203, 907, 67),
(2662, 262, 221, 197, 18),
(2663, 262, 204, 687, 47),
(2664, 262, 216, 378, 96),
(2665, 262, 202, 515, 91),
(2666, 262, 204, 687, 93),
(2667, 262, 207, 154, 39),
(2668, 262, 214, 123, 85),
(2669, 262, 203, 907, 62),
(2670, 262, 212, 302, 72),
(2671, 262, 205, 41, 78),
(2672, 262, 221, 197, 23),
(2673, 262, 205, 41, 19),
(2674, 263, 213, 997, 21),
(2675, 263, 206, 686, 55),
(2676, 263, 213, 997, 19),
(2677, 263, 205, 41, 70),
(2678, 263, 205, 41, 79),
(2679, 263, 204, 687, 49),
(2680, 263, 213, 997, 46),
(2681, 263, 217, 743, 74),
(2682, 264, 206, 686, 11),
(2683, 264, 219, 996, 13),
(2684, 264, 202, 515, 99),
(2685, 264, 203, 907, 98),
(2686, 264, 218, 569, 51),
(2687, 264, 205, 41, 38),
(2688, 264, 217, 743, 2),
(2689, 264, 217, 743, 46),
(2690, 264, 202, 515, 30),
(2691, 264, 208, 383, 42),
(2692, 264, 212, 302, 7),
(2693, 264, 216, 378, 87),
(2694, 264, 209, 939, 96),
(2695, 265, 221, 197, 39),
(2696, 265, 211, 79, 45),
(2697, 265, 220, 462, 11),
(2698, 265, 209, 939, 85),
(2699, 265, 215, 99, 79),
(2700, 265, 204, 687, 75),
(2701, 265, 214, 123, 11),
(2702, 266, 205, 41, 48),
(2703, 266, 214, 123, 72),
(2704, 266, 216, 378, 33),
(2705, 266, 202, 515, 56),
(2706, 266, 206, 686, 10),
(2707, 266, 207, 154, 48),
(2708, 266, 208, 383, 34),
(2709, 266, 217, 743, 86),
(2710, 266, 206, 686, 83),
(2711, 266, 214, 123, 35),
(2712, 266, 210, 493, 43),
(2713, 266, 217, 743, 55),
(2714, 266, 203, 907, 96),
(2715, 266, 206, 686, 14),
(2716, 266, 214, 123, 19),
(2717, 267, 219, 996, 62),
(2718, 267, 203, 907, 26),
(2719, 267, 215, 99, 92),
(2720, 267, 214, 123, 24),
(2721, 267, 210, 493, 15),
(2722, 267, 202, 515, 99),
(2723, 267, 211, 79, 16),
(2724, 268, 212, 302, 92),
(2725, 268, 204, 687, 24),
(2726, 268, 206, 686, 35),
(2727, 268, 206, 686, 39),
(2728, 268, 206, 686, 58),
(2729, 268, 221, 197, 86),
(2730, 268, 214, 123, 97),
(2731, 268, 216, 378, 95),
(2732, 269, 219, 996, 78),
(2733, 269, 221, 197, 37),
(2734, 269, 210, 493, 70),
(2735, 269, 219, 996, 69),
(2736, 269, 202, 515, 66),
(2737, 269, 220, 462, 92),
(2738, 269, 213, 997, 60),
(2739, 269, 218, 569, 14),
(2740, 269, 216, 378, 23),
(2741, 269, 206, 686, 76),
(2742, 269, 206, 686, 87),
(2743, 269, 215, 99, 48),
(2744, 269, 204, 687, 62),
(2745, 270, 211, 79, 59),
(2746, 270, 215, 99, 46),
(2747, 270, 217, 743, 72),
(2748, 270, 219, 996, 45),
(2749, 270, 212, 302, 10),
(2750, 270, 218, 569, 79),
(2751, 270, 219, 996, 94),
(2752, 270, 203, 907, 42),
(2753, 270, 210, 493, 70),
(2754, 270, 203, 907, 82),
(2755, 270, 217, 743, 94),
(2756, 270, 204, 687, 13),
(2757, 271, 213, 997, 90),
(2758, 271, 209, 939, 66),
(2759, 271, 203, 907, 68),
(2760, 271, 217, 743, 70),
(2761, 271, 219, 996, 49),
(2762, 271, 210, 493, 71),
(2763, 271, 215, 99, 89),
(2764, 271, 204, 687, 39),
(2765, 271, 213, 997, 50),
(2766, 271, 202, 515, 86),
(2767, 272, 205, 41, 29),
(2768, 272, 203, 907, 80),
(2769, 272, 207, 154, 8),
(2770, 272, 206, 686, 35),
(2771, 272, 219, 996, 18),
(2772, 272, 202, 515, 68),
(2773, 272, 204, 687, 70),
(2774, 272, 210, 493, 72),
(2775, 272, 215, 99, 20),
(2776, 272, 211, 79, 22),
(2777, 272, 203, 907, 81),
(2778, 272, 216, 378, 49),
(2779, 273, 218, 569, 48),
(2780, 273, 212, 302, 69),
(2781, 273, 212, 302, 27),
(2782, 273, 208, 383, 92),
(2783, 273, 205, 41, 44),
(2784, 273, 221, 197, 44),
(2785, 274, 217, 743, 37),
(2786, 274, 221, 197, 26),
(2787, 274, 213, 997, 95),
(2788, 274, 220, 462, 96),
(2789, 274, 210, 493, 54),
(2790, 274, 212, 302, 85),
(2791, 274, 214, 123, 16),
(2792, 274, 215, 99, 50),
(2793, 274, 210, 493, 5),
(2794, 274, 202, 515, 53),
(2795, 274, 205, 41, 51),
(2796, 274, 216, 378, 79),
(2797, 275, 214, 123, 27),
(2798, 275, 204, 687, 30),
(2799, 275, 213, 997, 75),
(2800, 275, 220, 462, 91),
(2801, 275, 218, 569, 69),
(2802, 275, 207, 154, 9),
(2803, 276, 210, 493, 57),
(2804, 276, 220, 462, 20),
(2805, 276, 205, 41, 85),
(2806, 276, 213, 997, 24),
(2807, 276, 202, 515, 99),
(2808, 276, 221, 197, 77),
(2809, 276, 216, 378, 9),
(2810, 276, 214, 123, 55),
(2811, 276, 216, 378, 71),
(2812, 276, 204, 687, 71),
(2813, 277, 207, 154, 13),
(2814, 277, 209, 939, 25),
(2815, 277, 220, 462, 43),
(2816, 277, 213, 997, 91),
(2817, 277, 210, 493, 11),
(2818, 277, 209, 939, 5),
(2819, 277, 220, 462, 74),
(2820, 277, 206, 686, 22),
(2821, 277, 203, 907, 73),
(2822, 277, 212, 302, 69),
(2823, 277, 202, 515, 40),
(2824, 277, 217, 743, 63),
(2825, 277, 219, 996, 11),
(2826, 278, 216, 378, 46),
(2827, 278, 215, 99, 60),
(2828, 278, 210, 493, 70),
(2829, 278, 204, 687, 18),
(2830, 278, 207, 154, 60),
(2831, 278, 215, 99, 54),
(2832, 278, 208, 383, 12),
(2833, 278, 211, 79, 40),
(2834, 278, 212, 302, 48),
(2835, 278, 206, 686, 90),
(2836, 278, 208, 383, 41),
(2837, 279, 216, 378, 11),
(2838, 279, 215, 99, 19),
(2839, 279, 203, 907, 45),
(2840, 279, 211, 79, 28),
(2841, 279, 204, 687, 99),
(2842, 279, 212, 302, 79),
(2843, 279, 203, 907, 43),
(2844, 279, 220, 462, 85),
(2845, 279, 216, 378, 32),
(2846, 279, 211, 79, 52),
(2847, 279, 211, 79, 63),
(2848, 279, 205, 41, 72),
(2849, 279, 203, 907, 7),
(2850, 280, 207, 154, 37),
(2851, 280, 210, 493, 16),
(2852, 280, 219, 996, 24),
(2853, 280, 219, 996, 40),
(2854, 280, 202, 515, 20),
(2855, 280, 221, 197, 56),
(2856, 280, 221, 197, 80),
(2857, 280, 202, 515, 15),
(2858, 281, 213, 997, 21),
(2859, 281, 220, 462, 7),
(2860, 281, 205, 41, 10),
(2861, 281, 209, 939, 38),
(2862, 281, 202, 515, 52),
(2863, 281, 214, 123, 30),
(2864, 281, 216, 378, 29),
(2865, 281, 211, 79, 56),
(2866, 281, 215, 99, 71),
(2867, 281, 215, 99, 52),
(2868, 281, 219, 996, 32),
(2869, 281, 202, 515, 67),
(2870, 281, 213, 997, 83),
(2871, 281, 213, 997, 47),
(2872, 281, 215, 99, 85),
(2873, 282, 205, 41, 74),
(2874, 282, 217, 743, 19),
(2875, 282, 202, 515, 74),
(2876, 282, 209, 939, 22),
(2877, 282, 208, 383, 6),
(2878, 282, 220, 462, 53),
(2879, 282, 216, 378, 40),
(2880, 282, 221, 197, 22),
(2881, 282, 203, 907, 38),
(2882, 282, 221, 197, 73),
(2883, 282, 213, 997, 56),
(2884, 282, 212, 302, 4),
(2885, 282, 220, 462, 98),
(2886, 283, 210, 493, 46),
(2887, 283, 210, 493, 80),
(2888, 283, 203, 907, 21),
(2889, 283, 213, 997, 87),
(2890, 283, 205, 41, 36),
(2891, 283, 212, 302, 12),
(2892, 283, 207, 154, 92),
(2893, 283, 212, 302, 43),
(2894, 283, 207, 154, 52),
(2895, 284, 213, 997, 41),
(2896, 284, 209, 939, 57),
(2897, 284, 206, 686, 14),
(2898, 284, 202, 515, 62),
(2899, 284, 218, 569, 12),
(2900, 284, 204, 687, 72),
(2901, 284, 207, 154, 46),
(2902, 284, 210, 493, 84),
(2903, 284, 220, 462, 60),
(2904, 284, 216, 378, 2),
(2905, 284, 203, 907, 48),
(2906, 284, 215, 99, 25),
(2907, 285, 208, 383, 31),
(2908, 285, 212, 302, 1),
(2909, 285, 220, 462, 97),
(2910, 285, 217, 743, 0),
(2911, 285, 211, 79, 5),
(2912, 285, 216, 378, 44),
(2913, 285, 204, 687, 34),
(2914, 285, 220, 462, 10),
(2915, 285, 217, 743, 70),
(2916, 285, 212, 302, 14),
(2917, 285, 221, 197, 1),
(2918, 285, 220, 462, 67),
(2919, 285, 219, 996, 81),
(2920, 285, 211, 79, 43),
(2921, 286, 221, 197, 26),
(2922, 286, 220, 462, 20),
(2923, 286, 211, 79, 11),
(2924, 286, 218, 569, 35),
(2925, 286, 221, 197, 97),
(2926, 286, 210, 493, 39),
(2927, 286, 218, 569, 55),
(2928, 286, 218, 569, 30),
(2929, 286, 220, 462, 29),
(2930, 287, 213, 997, 55),
(2931, 287, 221, 197, 34),
(2932, 287, 220, 462, 43),
(2933, 287, 213, 997, 11),
(2934, 287, 202, 515, 55),
(2935, 287, 221, 197, 99),
(2936, 287, 215, 99, 15),
(2937, 287, 220, 462, 38),
(2938, 288, 211, 79, 61),
(2939, 288, 212, 302, 69),
(2940, 288, 216, 378, 50),
(2941, 288, 208, 383, 27),
(2942, 288, 207, 154, 26),
(2943, 288, 210, 493, 98),
(2944, 288, 208, 383, 85),
(2945, 288, 207, 154, 65),
(2946, 288, 210, 493, 41),
(2947, 288, 214, 123, 65),
(2948, 288, 204, 687, 79),
(2949, 289, 202, 515, 77),
(2950, 289, 211, 79, 40),
(2951, 289, 205, 41, 81),
(2952, 289, 214, 123, 56),
(2953, 289, 214, 123, 64),
(2954, 289, 219, 996, 98),
(2955, 289, 218, 569, 49),
(2956, 289, 208, 383, 29),
(2957, 289, 212, 302, 36),
(2958, 289, 209, 939, 7),
(2959, 289, 218, 569, 24),
(2960, 289, 219, 996, 25),
(2961, 290, 207, 154, 48),
(2962, 290, 211, 79, 40),
(2963, 290, 219, 996, 79),
(2964, 290, 205, 41, 48),
(2965, 290, 216, 378, 50),
(2966, 290, 204, 687, 46),
(2967, 290, 207, 154, 11),
(2968, 290, 221, 197, 2),
(2969, 290, 216, 378, 11),
(2970, 290, 216, 378, 18),
(2971, 290, 202, 515, 32),
(2972, 290, 207, 154, 77),
(2973, 291, 206, 686, 97),
(2974, 291, 216, 378, 51),
(2975, 291, 205, 41, 40),
(2976, 291, 206, 686, 52),
(2977, 291, 216, 378, 4),
(2978, 291, 218, 569, 43),
(2979, 292, 206, 686, 41),
(2980, 292, 220, 462, 17),
(2981, 292, 213, 997, 12),
(2982, 292, 213, 997, 36),
(2983, 292, 211, 79, 64),
(2984, 292, 206, 686, 54),
(2985, 292, 217, 743, 57),
(2986, 292, 215, 99, 85),
(2987, 292, 205, 41, 33),
(2988, 292, 204, 687, 97),
(2989, 292, 204, 687, 58),
(2990, 292, 214, 123, 23),
(2991, 292, 215, 99, 4),
(2992, 292, 207, 154, 34),
(2993, 293, 215, 99, 37),
(2994, 293, 205, 41, 12),
(2995, 293, 202, 515, 83),
(2996, 293, 203, 907, 60),
(2997, 293, 208, 383, 96),
(2998, 293, 216, 378, 46),
(2999, 293, 216, 378, 47),
(3000, 293, 213, 997, 27),
(3001, 293, 211, 79, 46),
(3002, 294, 207, 154, 11),
(3003, 294, 219, 996, 87),
(3004, 294, 214, 123, 44),
(3005, 294, 218, 569, 3),
(3006, 294, 219, 996, 93),
(3007, 294, 211, 79, 50),
(3008, 294, 207, 154, 5),
(3009, 294, 203, 907, 50),
(3010, 294, 209, 939, 91),
(3011, 294, 212, 302, 18),
(3012, 294, 207, 154, 41),
(3013, 294, 208, 383, 65),
(3014, 294, 216, 378, 47),
(3015, 295, 205, 41, 59),
(3016, 295, 211, 79, 13),
(3017, 295, 214, 123, 87),
(3018, 295, 221, 197, 13),
(3019, 295, 216, 378, 50),
(3020, 295, 206, 686, 99),
(3021, 295, 208, 383, 20),
(3022, 295, 206, 686, 80),
(3023, 295, 204, 687, 17),
(3024, 295, 210, 493, 30),
(3025, 296, 203, 907, 74),
(3026, 296, 214, 123, 56),
(3027, 296, 221, 197, 4),
(3028, 296, 212, 302, 66),
(3029, 296, 208, 383, 58),
(3030, 296, 220, 462, 9),
(3031, 296, 213, 997, 36),
(3032, 296, 214, 123, 5),
(3033, 297, 215, 99, 45),
(3034, 297, 221, 197, 49),
(3035, 297, 221, 197, 57),
(3036, 297, 217, 743, 42),
(3037, 297, 217, 743, 83),
(3038, 298, 219, 996, 45),
(3039, 298, 210, 493, 0),
(3040, 298, 203, 907, 90),
(3041, 298, 213, 997, 81),
(3042, 298, 221, 197, 8),
(3043, 298, 202, 515, 76),
(3044, 298, 209, 939, 68),
(3045, 298, 216, 378, 75),
(3046, 298, 205, 41, 22),
(3047, 298, 202, 515, 35),
(3048, 298, 205, 41, 13),
(3049, 299, 204, 687, 99),
(3050, 299, 221, 197, 80),
(3051, 299, 205, 41, 47),
(3052, 299, 210, 493, 74),
(3053, 299, 213, 997, 34),
(3054, 299, 209, 939, 95),
(3055, 299, 219, 996, 42),
(3056, 299, 206, 686, 40),
(3057, 299, 212, 302, 70),
(3058, 299, 212, 302, 22),
(3059, 299, 221, 197, 82),
(3060, 299, 202, 515, 3),
(3061, 300, 204, 687, 71),
(3062, 300, 218, 569, 74),
(3063, 300, 206, 686, 35),
(3064, 300, 220, 462, 67),
(3065, 300, 207, 154, 21),
(3066, 300, 215, 99, 11),
(3067, 300, 221, 197, 52),
(3068, 300, 204, 687, 38),
(3069, 300, 217, 743, 50),
(3070, 300, 205, 41, 39),
(3071, 300, 218, 569, 80),
(3072, 300, 203, 907, 6),
(3073, 300, 212, 302, 73),
(3074, 300, 203, 907, 41),
(3075, 301, 209, 939, 42),
(3076, 301, 210, 493, 14),
(3077, 301, 216, 378, 34),
(3078, 301, 202, 515, 16),
(3079, 301, 207, 154, 28),
(3080, 301, 208, 383, 62),
(3081, 301, 209, 939, 47),
(3082, 301, 220, 462, 98),
(3083, 301, 212, 302, 35),
(3084, 301, 210, 493, 37),
(3085, 301, 203, 907, 27),
(3086, 301, 209, 939, 53),
(3087, 301, 221, 197, 23),
(3088, 302, 220, 462, 22),
(3089, 302, 220, 462, 58),
(3090, 302, 218, 569, 48),
(3091, 302, 208, 383, 37),
(3092, 302, 202, 515, 25),
(3093, 302, 217, 743, 90),
(3094, 302, 216, 378, 4),
(3095, 302, 219, 996, 5),
(3096, 302, 216, 378, 55),
(3097, 302, 216, 378, 47),
(3098, 302, 203, 907, 13),
(3099, 302, 215, 99, 11),
(3100, 302, 209, 939, 50),
(3101, 302, 209, 939, 97),
(3102, 302, 213, 997, 45),
(3103, 303, 208, 383, 57),
(3104, 303, 219, 996, 83),
(3105, 303, 217, 743, 83),
(3106, 303, 213, 997, 31),
(3107, 303, 211, 79, 38),
(3108, 303, 216, 378, 87),
(3109, 303, 203, 907, 85),
(3110, 303, 207, 154, 36),
(3111, 304, 210, 493, 55),
(3112, 304, 212, 302, 13),
(3113, 304, 210, 493, 47),
(3114, 304, 216, 378, 94),
(3115, 304, 206, 686, 1),
(3116, 304, 203, 907, 97),
(3117, 304, 209, 939, 63),
(3118, 305, 221, 197, 53),
(3119, 305, 202, 515, 44),
(3120, 305, 208, 383, 42),
(3121, 305, 205, 41, 71),
(3122, 305, 219, 996, 56),
(3123, 306, 216, 378, 32),
(3124, 306, 215, 99, 7),
(3125, 306, 215, 99, 95),
(3126, 306, 205, 41, 82),
(3127, 306, 218, 569, 82),
(3128, 306, 206, 686, 7),
(3129, 306, 205, 41, 53),
(3130, 306, 207, 154, 31),
(3131, 306, 209, 939, 22),
(3132, 306, 209, 939, 48),
(3133, 306, 212, 302, 54),
(3134, 306, 221, 197, 0),
(3135, 306, 217, 743, 66),
(3136, 306, 209, 939, 2),
(3137, 306, 214, 123, 48),
(3138, 307, 208, 383, 31),
(3139, 307, 206, 686, 63),
(3140, 307, 221, 197, 56),
(3141, 307, 218, 569, 97),
(3142, 307, 204, 687, 92),
(3143, 308, 205, 41, 88),
(3144, 308, 202, 515, 33),
(3145, 308, 210, 493, 19),
(3146, 308, 219, 996, 5),
(3147, 308, 203, 907, 31),
(3148, 308, 218, 569, 93),
(3149, 308, 219, 996, 66),
(3150, 308, 202, 515, 74),
(3151, 309, 213, 997, 93),
(3152, 309, 221, 197, 74),
(3153, 309, 221, 197, 3),
(3154, 309, 214, 123, 62),
(3155, 309, 219, 996, 44),
(3156, 309, 205, 41, 30),
(3157, 309, 219, 996, 46),
(3158, 309, 215, 99, 66),
(3159, 309, 214, 123, 76),
(3160, 310, 214, 123, 46),
(3161, 310, 218, 569, 22),
(3162, 310, 205, 41, 54),
(3163, 310, 206, 686, 39),
(3164, 310, 206, 686, 42),
(3165, 310, 217, 743, 20),
(3166, 311, 211, 79, 13),
(3167, 311, 204, 687, 58),
(3168, 311, 214, 123, 58),
(3169, 311, 208, 383, 90),
(3170, 311, 203, 907, 55),
(3171, 311, 209, 939, 44),
(3172, 311, 203, 907, 72),
(3173, 311, 212, 302, 46),
(3174, 311, 209, 939, 46),
(3175, 311, 216, 378, 31),
(3176, 311, 209, 939, 35),
(3177, 311, 208, 383, 66),
(3178, 311, 220, 462, 1),
(3179, 312, 203, 907, 38),
(3180, 312, 217, 743, 77),
(3181, 312, 212, 302, 14),
(3182, 312, 207, 154, 50),
(3183, 312, 202, 515, 70),
(3184, 312, 212, 302, 64),
(3185, 312, 204, 687, 26),
(3186, 312, 220, 462, 33),
(3187, 312, 206, 686, 75),
(3188, 312, 203, 907, 22),
(3189, 312, 210, 493, 22),
(3190, 313, 205, 41, 0),
(3191, 313, 217, 743, 67),
(3192, 313, 221, 197, 4),
(3193, 313, 216, 378, 39),
(3194, 313, 217, 743, 46),
(3195, 313, 205, 41, 62),
(3196, 313, 217, 743, 6),
(3197, 313, 206, 686, 77),
(3198, 313, 212, 302, 25),
(3199, 314, 215, 99, 29),
(3200, 314, 206, 686, 0),
(3201, 314, 220, 462, 58),
(3202, 314, 210, 493, 54),
(3203, 314, 217, 743, 67),
(3204, 314, 203, 907, 31),
(3205, 314, 216, 378, 86),
(3206, 315, 221, 197, 87),
(3207, 315, 213, 997, 17),
(3208, 315, 206, 686, 73),
(3209, 315, 220, 462, 93),
(3210, 315, 209, 939, 66),
(3211, 315, 203, 907, 67),
(3212, 316, 217, 743, 74),
(3213, 316, 208, 383, 63),
(3214, 316, 203, 907, 7),
(3215, 316, 219, 996, 48),
(3216, 316, 212, 302, 73),
(3217, 316, 205, 41, 73),
(3218, 316, 206, 686, 37),
(3219, 317, 204, 687, 95),
(3220, 317, 217, 743, 89),
(3221, 317, 205, 41, 75),
(3222, 317, 216, 378, 28),
(3223, 317, 210, 493, 26),
(3224, 317, 218, 569, 92),
(3225, 317, 221, 197, 73),
(3226, 317, 215, 99, 54),
(3227, 317, 211, 79, 18),
(3228, 317, 207, 154, 97),
(3229, 317, 216, 378, 30),
(3230, 317, 213, 997, 82),
(3231, 317, 202, 515, 65),
(3232, 317, 202, 515, 54),
(3233, 318, 216, 378, 0),
(3234, 318, 212, 302, 51),
(3235, 318, 207, 154, 27),
(3236, 318, 218, 569, 14),
(3237, 318, 202, 515, 49),
(3238, 318, 220, 462, 40),
(3239, 318, 218, 569, 64),
(3240, 318, 204, 687, 74),
(3241, 318, 215, 99, 93),
(3242, 318, 208, 383, 84),
(3243, 319, 213, 997, 25),
(3244, 319, 214, 123, 18),
(3245, 319, 206, 686, 61),
(3246, 319, 203, 907, 10),
(3247, 319, 216, 378, 57),
(3248, 319, 213, 997, 51),
(3249, 319, 219, 996, 89),
(3250, 319, 214, 123, 51),
(3251, 319, 214, 123, 29),
(3252, 319, 209, 939, 82),
(3253, 319, 206, 686, 98),
(3254, 319, 208, 383, 36),
(3255, 319, 207, 154, 36),
(3256, 319, 216, 378, 14),
(3257, 319, 205, 41, 21),
(3258, 320, 209, 939, 93),
(3259, 320, 208, 383, 54),
(3260, 320, 209, 939, 28),
(3261, 320, 218, 569, 47),
(3262, 320, 219, 996, 76),
(3263, 320, 217, 743, 76),
(3264, 320, 215, 99, 14),
(3265, 321, 208, 383, 43),
(3266, 321, 208, 383, 81),
(3267, 321, 202, 515, 1),
(3268, 321, 204, 687, 90),
(3269, 321, 208, 383, 26),
(3270, 321, 202, 515, 48),
(3271, 321, 206, 686, 28),
(3272, 321, 211, 79, 72),
(3273, 321, 208, 383, 78),
(3274, 321, 217, 743, 59),
(3275, 321, 219, 996, 92),
(3276, 321, 202, 515, 57),
(3277, 321, 212, 302, 20),
(3278, 321, 215, 99, 0);

-- --------------------------------------------------------

--
-- Estructura de tabla para la tabla `user`
--

DROP TABLE IF EXISTS `user`;
CREATE TABLE IF NOT EXISTS `user` (
  `id` int NOT NULL AUTO_INCREMENT,
  `metier_id` int NOT NULL,
  `email` varchar(180) COLLATE utf8mb4_unicode_ci NOT NULL,
  `roles` json NOT NULL,
  `password` varchar(255) COLLATE utf8mb4_unicode_ci NOT NULL,
  `prenom` varchar(255) COLLATE utf8mb4_unicode_ci NOT NULL,
  `nom` varchar(255) COLLATE utf8mb4_unicode_ci NOT NULL,
  `cout_horaire` double NOT NULL,
  `date_embauche` datetime NOT NULL,
  PRIMARY KEY (`id`),
  UNIQUE KEY `UNIQ_8D93D649E7927C74` (`email`),
  KEY `IDX_8D93D649ED16FA20` (`metier_id`)
) ENGINE=InnoDB AUTO_INCREMENT=222 DEFAULT CHARSET=utf8mb4 COLLATE=utf8mb4_unicode_ci;

--
-- Volcado de datos para la tabla `user`
--

INSERT INTO `user` (`id`, `metier_id`, `email`, `roles`, `password`, `prenom`, `nom`, `cout_horaire`, `date_embauche`) VALUES
(202, 94, 'bwalker@gmail.com', '[\"ROLE_USER\"]', '$argon2id$v=19$m=65536,t=4,p=1$NXFsc25QbEFvWHg0Vi40VA$A9UOLpyKPOwzQtcvmtQX2EHgAAk+9R8mF49ug+ZgdlU', 'Darius', 'Nienow', 515, '2013-02-28 07:14:56'),
(203, 94, 'bbartoletti@hotmail.com', '[\"ROLE_USER\"]', '$argon2id$v=19$m=65536,t=4,p=1$U3hOQ1F0VGhTeklRd3lqMQ$CiFCvCXSlgkPGRul/LV3d3z1Fpggxq9XXlTiCZL7n1I', 'David', 'Hyatt', 907, '2014-04-14 02:14:59'),
(204, 92, 'trudie.kling@stroman.com', '[\"ROLE_USER\"]', '$argon2id$v=19$m=65536,t=4,p=1$UDdWeFVwSFNVREd0akZvcw$UlooDSFAhOQqoX8FZpA3sp1zz3VavuwUXohylL8r2Uk', 'Verner', 'Lemke', 687, '2012-05-07 00:52:30'),
(205, 95, 'clarabelle09@boyle.biz', '[\"ROLE_USER\"]', '$argon2id$v=19$m=65536,t=4,p=1$UkFTSktyajNaTGRNcmJFMw$1Vpjz5zxfOF8vbo/ziL1BBzxSYoeTCrAZgXnwPmTjFE', 'Maximo', 'Marks', 41, '2015-12-02 10:57:35'),
(206, 92, 'pierce.gottlieb@hotmail.com', '[\"ROLE_USER\"]', '$argon2id$v=19$m=65536,t=4,p=1$TUVwRnlWS3RiYktOMUIyNw$l5KZaGMgyv0FZigFNXhBQIpbZp6Uaf78ehj3XWoHid8', 'Oceane', 'Bayer', 686, '2018-11-10 00:48:12'),
(207, 92, 'hobart.bartell@bogan.org', '[\"ROLE_USER\"]', '$argon2id$v=19$m=65536,t=4,p=1$V0NhV01oZFFwYUVsNkpyWg$YyP/7HSG+4JS8TiE3C0vDXSphu2fgp5OxF1BWyuEJn4', 'Sedrick', 'Kreiger', 154, '2012-04-17 18:18:25'),
(208, 92, 'harley89@yahoo.com', '[\"ROLE_USER\"]', '$argon2id$v=19$m=65536,t=4,p=1$MERuaG0zak9QMlI1NVI5Lw$7Q3WpjiPRFPgjyWWYD12VOaj2nPckmQJEQ/OOhSqUKM', 'Cade', 'Bosco', 383, '2011-12-16 17:11:49'),
(209, 96, 'rosenbaum.vivienne@yahoo.com', '[\"ROLE_USER\"]', '$argon2id$v=19$m=65536,t=4,p=1$VThaYUFOLkh0UmV3ZnphNw$ZDBZdgrQHMz6pyh2/W/bcpUNs1kacykLJ6zAUHvnd5A', 'Abbigail', 'Langworth', 939, '2017-10-29 07:30:29'),
(210, 92, 'georgette.upton@hotmail.com', '[\"ROLE_USER\"]', '$argon2id$v=19$m=65536,t=4,p=1$Ty94c3o1SW9GWkloMGJYZg$GOJVKeQQd82VUw9dz6B2oShvw41ObRdJIA1qkPSLW+Q', 'Jacques', 'O\'Kon', 493, '2018-05-28 17:04:50'),
(211, 92, 'velma35@hotmail.com', '[\"ROLE_USER\"]', '$argon2id$v=19$m=65536,t=4,p=1$LlovM2ZwUHZuQmEycE1ocA$uFMZYgpCIcTnSp7B1FmlKbvwersFfd1awZFDxbl89+I', 'Anderson', 'Stracke', 79, '2019-12-25 22:32:41'),
(212, 93, 'pvolkman@lynch.com', '[\"ROLE_USER\"]', '$argon2id$v=19$m=65536,t=4,p=1$ZVNTdDBFcjlSbVhrVnJpdg$dZiSPqMdKReTHK4X6UkeBUA4qCAzkjTPQdMLLT09fAc', 'Sterling', 'Bednar', 302, '2012-01-01 08:47:38'),
(213, 95, 'haley.desmond@dare.com', '[\"ROLE_USER\"]', '$argon2id$v=19$m=65536,t=4,p=1$Rkl6YUx6Wmk4WkxHUEFqTA$M+PH/JHYLOBxjHo/ySDOgFG4uKeMaJqjhIRVWkZWbnQ', 'Bria', 'Fisher', 997, '2013-03-21 22:13:53'),
(214, 95, 'etha.morissette@yahoo.com', '[\"ROLE_USER\"]', '$argon2id$v=19$m=65536,t=4,p=1$d0NQZng4STM0NHZGeFRHLw$COVRfQtvEoSASQfTFEX5zFm/w0ph+kG3ZfhMoHT4qFQ', 'Augusta', 'Kuphal', 123, '2019-04-28 00:40:00'),
(215, 92, 'stracke.syble@little.com', '[\"ROLE_USER\"]', '$argon2id$v=19$m=65536,t=4,p=1$RHNqVEZmaVJyRS5DVjB3WA$+pM2aEsyGuDw9rI8yypP68cG++qE12fBXcVGTLTciKo', 'Lenna', 'Runte', 99, '2017-02-18 07:31:41'),
(216, 93, 'josiane11@hotmail.com', '[\"ROLE_USER\"]', '$argon2id$v=19$m=65536,t=4,p=1$OUR1QUJ0NlZ0V1ZGUlFjSA$h5S3IclYfNDdN97Uakm5epybhhcyfSgTjuGmC5tWXpk', 'Amelie', 'Gerlach', 378, '2016-02-04 09:49:38'),
(217, 92, 'harber.jerel@barrows.net', '[\"ROLE_USER\"]', '$argon2id$v=19$m=65536,t=4,p=1$SUJ5ZkNRd09WRUZXV3BueA$yQWKXBmL7MLtKhU8F5ucBxB5lC0tGe3Ss7jwNk09FmU', 'Josue', 'Nicolas', 743, '2013-05-02 06:54:36'),
(218, 95, 'brice01@hotmail.com', '[\"ROLE_USER\"]', '$argon2id$v=19$m=65536,t=4,p=1$RHZGQnh0L0xIbHpoblB0MQ$iOdtagN1R/iijArZltQ/2cUpjK6xDeeRBH8XcMeHY9c', 'Shaniya', 'Rolfson', 569, '2019-07-18 10:24:51'),
(219, 95, 'angelo20@carter.com', '[\"ROLE_USER\"]', '$argon2id$v=19$m=65536,t=4,p=1$cmtMUjU3WEpPN2ZMMFc3Mg$B9WTxAl9LtjQXQT5QJ8leWOUofIKmBjuMGHSYxQRwNY', 'Estefania', 'Blanda', 996, '2018-10-19 08:45:10'),
(220, 95, 'beth41@farrell.com', '[\"ROLE_USER\"]', '$argon2id$v=19$m=65536,t=4,p=1$RGo0LlpCbm4xTXhMM1JzLg$qqhrBRYRXnVUq+bXRLUpEFnYrmUXnlZ5eDIushY36Lc', 'Guadalupe', 'Harris', 462, '2011-10-26 03:52:52'),
(221, 92, 'fernando.block@hotmail.com', '[\"ROLE_USER\"]', '$argon2id$v=19$m=65536,t=4,p=1$QloxVUwzY2doWGNqUnJYdA$AXPQPbYEUQg3GR4ohfyK/hqVRzDQCtZh3QjQarHYacE', 'Alva', 'Kuhlman', 197, '2018-12-23 19:29:56');

--
-- Restricciones para tablas volcadas
--

--
-- Filtros para la tabla `projet_user`
--
ALTER TABLE `projet_user`
  ADD CONSTRAINT `FK_FA413966A76ED395` FOREIGN KEY (`user_id`) REFERENCES `user` (`id`),
  ADD CONSTRAINT `FK_FA413966C18272` FOREIGN KEY (`projet_id`) REFERENCES `projet` (`id`);

--
-- Filtros para la tabla `user`
--
ALTER TABLE `user`
  ADD CONSTRAINT `FK_8D93D649ED16FA20` FOREIGN KEY (`metier_id`) REFERENCES `metier` (`id`);
COMMIT;

/*!40101 SET CHARACTER_SET_CLIENT=@OLD_CHARACTER_SET_CLIENT */;
/*!40101 SET CHARACTER_SET_RESULTS=@OLD_CHARACTER_SET_RESULTS */;
/*!40101 SET COLLATION_CONNECTION=@OLD_COLLATION_CONNECTION */;
